{"cameraMode":{"drawMode":0,"name":"Shaded","section":"Shading Mode"},"sceneLighting":true,"audioPlay":false,"sceneViewState":{"m_AlwaysRefresh":false,"showFog":true,"showSkybox":true,"showFlares":true,"showImageEffects":true,"showParticleSystems":true,"showVisualEffectGraphs":true,"m_FxEnabled":true},"in2DMode":false,"pivot":{"x":7.8773345947265629,"y":3.0028328895568849,"z":-23.450950622558595},"rotation":{"x":0.11762065440416336,"y":0.008937321603298188,"z":-0.0010585668496787549,"w":0.9930188655853272},"size":87.81377410888672,"orthographic":false}